{
  "__type__": "cc.SpriteFrame",
  "content": {
    "name": "Loading",
    "atlas": "",
    "rect": {
      "x": 0,
      "y": 0,
      "width": 746,
      "height": 114
    },
    "offset": {
      "x": 0,
      "y": 0.5
    },
    "originalSize": {
      "width": 746,
      "height": 115
    },
    "rotated": false,
    "capInsets": [
      0,
      0,
      0,
      0
    ],
    "vertices": {
      "rawPosition": [
        -373,
        -57,
        0,
        373,
        -57,
        0,
        -373,
        57,
        0,
        373,
        57,
        0
      ],
      "indexes": [
        0,
        1,
        2,
        2,
        1,
        3
      ],
      "uv": [
        0,
        115,
        746,
        115,
        0,
        1,
        746,
        1
      ],
      "nuv": [
        0,
        0.008695652173913044,
        1,
        0.008695652173913044,
        0,
        1,
        1,
        1
      ],
      "minPos": {
        "x": -373,
        "y": -57,
        "z": 0
      },
      "maxPos": {
        "x": 373,
        "y": 57,
        "z": 0
      }
    },
    "texture": "54bd5610-d03e-4756-987c-1e371a14844e@6c48a",
    "packable": true,
    "pixelsToUnit": 100,
    "pivot": {
      "x": 0.5,
      "y": 0.5
    },
    "meshType": 0
  }
}