{
  "__type__": "cc.SpriteFrame",
  "content": {
    "name": "HuiSeAnNiu",
    "atlas": "",
    "rect": {
      "x": 0,
      "y": 1,
      "width": 78,
      "height": 127
    },
    "offset": {
      "x": 0,
      "y": 0
    },
    "originalSize": {
      "width": 78,
      "height": 129
    },
    "rotated": false,
    "capInsets": [
      25,
      40,
      25,
      40
    ],
    "vertices": {
      "rawPosition": [
        -39,
        -63.5,
        0,
        39,
        -63.5,
        0,
        -39,
        63.5,
        0,
        39,
        63.5,
        0
      ],
      "indexes": [
        0,
        1,
        2,
        2,
        1,
        3
      ],
      "uv": [
        0,
        128,
        78,
        128,
        0,
        1,
        78,
        1
      ],
      "nuv": [
        0,
        0.007751937984496124,
        1,
        0.007751937984496124,
        0,
        0.9922480620155039,
        1,
        0.9922480620155039
      ],
      "minPos": {
        "x": -39,
        "y": -63.5,
        "z": 0
      },
      "maxPos": {
        "x": 39,
        "y": 63.5,
        "z": 0
      }
    },
    "texture": "d0d04c46-9b63-4422-8a97-8acd7af87413@6c48a",
    "packable": true,
    "pixelsToUnit": 100,
    "pivot": {
      "x": 0.5,
      "y": 0.5
    },
    "meshType": 0
  }
}