{
  "__type__": "cc.SpriteFrame",
  "content": {
    "name": "JinDuTiao",
    "atlas": "",
    "rect": {
      "x": 1,
      "y": 0,
      "width": 126,
      "height": 81
    },
    "offset": {
      "x": 0.5,
      "y": 0
    },
    "originalSize": {
      "width": 127,
      "height": 81
    },
    "rotated": false,
    "capInsets": [
      40,
      0,
      40,
      0
    ],
    "vertices": {
      "rawPosition": [
        -63,
        -40.5,
        0,
        63,
        -40.5,
        0,
        -63,
        40.5,
        0,
        63,
        40.5,
        0
      ],
      "indexes": [
        0,
        1,
        2,
        2,
        1,
        3
      ],
      "uv": [
        1,
        81,
        127,
        81,
        1,
        0,
        127,
        0
      ],
      "nuv": [
        0.007874015748031496,
        0,
        1,
        0,
        0.007874015748031496,
        1,
        1,
        1
      ],
      "minPos": {
        "x": -63,
        "y": -40.5,
        "z": 0
      },
      "maxPos": {
        "x": 63,
        "y": 40.5,
        "z": 0
      }
    },
    "texture": "f518b231-6f05-441b-be5d-fa92e6890354@6c48a",
    "packable": true,
    "pixelsToUnit": 100,
    "pivot": {
      "x": 0.5,
      "y": 0.5
    },
    "meshType": 0
  }
}