{
  "__type__": "cc.SpriteFrame",
  "content": {
    "name": "FAIL",
    "atlas": "",
    "rect": {
      "x": 0,
      "y": 1,
      "width": 498,
      "height": 229
    },
    "offset": {
      "x": 0,
      "y": -0.5
    },
    "originalSize": {
      "width": 498,
      "height": 230
    },
    "rotated": false,
    "capInsets": [
      0,
      0,
      0,
      0
    ],
    "vertices": {
      "rawPosition": [
        -249,
        -114.5,
        0,
        249,
        -114.5,
        0,
        -249,
        114.5,
        0,
        249,
        114.5,
        0
      ],
      "indexes": [
        0,
        1,
        2,
        2,
        1,
        3
      ],
      "uv": [
        0,
        229,
        498,
        229,
        0,
        0,
        498,
        0
      ],
      "nuv": [
        0,
        0,
        1,
        0,
        0,
        0.9956521739130435,
        1,
        0.9956521739130435
      ],
      "minPos": {
        "x": -249,
        "y": -114.5,
        "z": 0
      },
      "maxPos": {
        "x": 249,
        "y": 114.5,
        "z": 0
      }
    },
    "texture": "45cf5211-709b-44b8-9b1a-abc82fe8d54e@6c48a",
    "packable": true,
    "pixelsToUnit": 100,
    "pivot": {
      "x": 0.5,
      "y": 0.5
    },
    "meshType": 0
  }
}