{
  "__type__": "cc.SpriteFrame",
  "content": {
    "name": "FaGuang",
    "atlas": "",
    "rect": {
      "x": 0,
      "y": 2,
      "width": 137,
      "height": 135
    },
    "offset": {
      "x": -1.5,
      "y": 0
    },
    "originalSize": {
      "width": 140,
      "height": 139
    },
    "rotated": false,
    "capInsets": [
      40,
      40,
      40,
      40
    ],
    "vertices": {
      "rawPosition": [
        -68.5,
        -67.5,
        0,
        68.5,
        -67.5,
        0,
        -68.5,
        67.5,
        0,
        68.5,
        67.5,
        0
      ],
      "indexes": [
        0,
        1,
        2,
        2,
        1,
        3
      ],
      "uv": [
        0,
        137,
        137,
        137,
        0,
        2,
        137,
        2
      ],
      "nuv": [
        0,
        0.014388489208633094,
        0.9785714285714285,
        0.014388489208633094,
        0,
        0.9856115107913669,
        0.9785714285714285,
        0.9856115107913669
      ],
      "minPos": {
        "x": -68.5,
        "y": -67.5,
        "z": 0
      },
      "maxPos": {
        "x": 68.5,
        "y": 67.5,
        "z": 0
      }
    },
    "texture": "804a3488-87e3-4a07-a597-4eb21e7996b6@6c48a",
    "packable": true,
    "pixelsToUnit": 100,
    "pivot": {
      "x": 0.5,
      "y": 0.5
    },
    "meshType": 0
  }
}