{
  "__type__": "cc.SpriteFrame",
  "content": {
    "name": "Amazing",
    "atlas": "",
    "rect": {
      "x": 0,
      "y": 1,
      "width": 942,
      "height": 276
    },
    "offset": {
      "x": 0,
      "y": -0.5
    },
    "originalSize": {
      "width": 942,
      "height": 277
    },
    "rotated": false,
    "capInsets": [
      0,
      0,
      0,
      0
    ],
    "vertices": {
      "rawPosition": [
        -471,
        -138,
        0,
        471,
        -138,
        0,
        -471,
        138,
        0,
        471,
        138,
        0
      ],
      "indexes": [
        0,
        1,
        2,
        2,
        1,
        3
      ],
      "uv": [
        0,
        276,
        942,
        276,
        0,
        0,
        942,
        0
      ],
      "nuv": [
        0,
        0,
        1,
        0,
        0,
        0.9963898916967509,
        1,
        0.9963898916967509
      ],
      "minPos": {
        "x": -471,
        "y": -138,
        "z": 0
      },
      "maxPos": {
        "x": 471,
        "y": 138,
        "z": 0
      }
    },
    "texture": "36e45d0b-ccd0-481b-9d01-1bd41e18bd0c@6c48a",
    "packable": true,
    "pixelsToUnit": 100,
    "pivot": {
      "x": 0.5,
      "y": 0.5
    },
    "meshType": 0
  }
}