{
  "__type__": "cc.SpriteFrame",
  "content": {
    "name": "LanSeAnNiu",
    "atlas": "",
    "rect": {
      "x": 0,
      "y": 1,
      "width": 64,
      "height": 87
    },
    "offset": {
      "x": 0,
      "y": 0
    },
    "originalSize": {
      "width": 64,
      "height": 89
    },
    "rotated": false,
    "capInsets": [
      24,
      30,
      21,
      30
    ],
    "vertices": {
      "rawPosition": [
        -32,
        -43.5,
        0,
        32,
        -43.5,
        0,
        -32,
        43.5,
        0,
        32,
        43.5,
        0
      ],
      "indexes": [
        0,
        1,
        2,
        2,
        1,
        3
      ],
      "uv": [
        0,
        88,
        64,
        88,
        0,
        1,
        64,
        1
      ],
      "nuv": [
        0,
        0.011235955056179775,
        1,
        0.011235955056179775,
        0,
        0.9887640449438202,
        1,
        0.9887640449438202
      ],
      "minPos": {
        "x": -32,
        "y": -43.5,
        "z": 0
      },
      "maxPos": {
        "x": 32,
        "y": 43.5,
        "z": 0
      }
    },
    "texture": "20b0de9e-f28b-4aa8-a089-b152f9659887@6c48a",
    "packable": true,
    "pixelsToUnit": 100,
    "pivot": {
      "x": 0.5,
      "y": 0.5
    },
    "meshType": 0
  }
}