{
  "__type__": "cc.SpriteFrame",
  "content": {
    "name": "ChenSeAnNiu",
    "atlas": "",
    "rect": {
      "x": 1,
      "y": 0,
      "width": 147,
      "height": 148
    },
    "offset": {
      "x": 0.5,
      "y": 0.5
    },
    "originalSize": {
      "width": 148,
      "height": 149
    },
    "rotated": false,
    "capInsets": [
      55,
      0,
      55,
      0
    ],
    "vertices": {
      "rawPosition": [
        -73.5,
        -74,
        0,
        73.5,
        -74,
        0,
        -73.5,
        74,
        0,
        73.5,
        74,
        0
      ],
      "indexes": [
        0,
        1,
        2,
        2,
        1,
        3
      ],
      "uv": [
        1,
        149,
        148,
        149,
        1,
        1,
        148,
        1
      ],
      "nuv": [
        0.006756756756756757,
        0.006711409395973154,
        1,
        0.006711409395973154,
        0.006756756756756757,
        1,
        1,
        1
      ],
      "minPos": {
        "x": -73.5,
        "y": -74,
        "z": 0
      },
      "maxPos": {
        "x": 73.5,
        "y": 74,
        "z": 0
      }
    },
    "texture": "b21a7254-2fbd-4860-a537-89e11e167a8f@6c48a",
    "packable": true,
    "pixelsToUnit": 100,
    "pivot": {
      "x": 0.5,
      "y": 0.5
    },
    "meshType": 0
  }
}