{
  "__type__": "cc.SpriteFrame",
  "content": {
    "name": "ShanShan",
    "atlas": "",
    "rect": {
      "x": 0,
      "y": 1,
      "width": 313,
      "height": 440
    },
    "offset": {
      "x": -0.5,
      "y": -0.5
    },
    "originalSize": {
      "width": 314,
      "height": 441
    },
    "rotated": false,
    "capInsets": [
      0,
      0,
      0,
      0
    ],
    "vertices": {
      "rawPosition": [
        -156.5,
        -220,
        0,
        156.5,
        -220,
        0,
        -156.5,
        220,
        0,
        156.5,
        220,
        0
      ],
      "indexes": [
        0,
        1,
        2,
        2,
        1,
        3
      ],
      "uv": [
        0,
        440,
        313,
        440,
        0,
        0,
        313,
        0
      ],
      "nuv": [
        0,
        0,
        0.9968152866242038,
        0,
        0,
        0.9977324263038548,
        0.9968152866242038,
        0.9977324263038548
      ],
      "minPos": {
        "x": -156.5,
        "y": -220,
        "z": 0
      },
      "maxPos": {
        "x": 156.5,
        "y": 220,
        "z": 0
      }
    },
    "texture": "d471abf0-d20c-4f64-8a49-3f73e4d50261@6c48a",
    "packable": true,
    "pixelsToUnit": 100,
    "pivot": {
      "x": 0.5,
      "y": 0.5
    },
    "meshType": 0
  }
}