{
  "__type__": "cc.SpriteFrame",
  "content": {
    "name": "mouth",
    "atlas": "",
    "rect": {
      "x": 8,
      "y": 12,
      "width": 284,
      "height": 285
    },
    "offset": {
      "x": 0,
      "y": -4.5
    },
    "originalSize": {
      "width": 300,
      "height": 300
    },
    "rotated": false,
    "capInsets": [
      0,
      0,
      0,
      0
    ],
    "vertices": {
      "rawPosition": [
        -142,
        -142.5,
        0,
        142,
        -142.5,
        0,
        -142,
        142.5,
        0,
        142,
        142.5,
        0
      ],
      "indexes": [
        0,
        1,
        2,
        2,
        1,
        3
      ],
      "uv": [
        8,
        288,
        292,
        288,
        8,
        3,
        292,
        3
      ],
      "nuv": [
        0.02666666666666667,
        0.01,
        0.9733333333333334,
        0.01,
        0.02666666666666667,
        0.96,
        0.9733333333333334,
        0.96
      ],
      "minPos": {
        "x": -142,
        "y": -142.5,
        "z": 0
      },
      "maxPos": {
        "x": 142,
        "y": 142.5,
        "z": 0
      }
    },
    "texture": "c2ebc727-8a4a-447a-8aff-0360687bae82@6c48a",
    "packable": true,
    "pixelsToUnit": 100,
    "pivot": {
      "x": 0.5,
      "y": 0.5
    },
    "meshType": 0
  }
}