{
  "__type__": "cc.SpriteFrame",
  "content": {
    "name": "JiangBei",
    "atlas": "",
    "rect": {
      "x": 2,
      "y": 1,
      "width": 259,
      "height": 369
    },
    "offset": {
      "x": 0,
      "y": -0.5
    },
    "originalSize": {
      "width": 263,
      "height": 370
    },
    "rotated": false,
    "capInsets": [
      0,
      0,
      0,
      0
    ],
    "vertices": {
      "rawPosition": [
        -129.5,
        -184.5,
        0,
        129.5,
        -184.5,
        0,
        -129.5,
        184.5,
        0,
        129.5,
        184.5,
        0
      ],
      "indexes": [
        0,
        1,
        2,
        2,
        1,
        3
      ],
      "uv": [
        2,
        369,
        261,
        369,
        2,
        0,
        261,
        0
      ],
      "nuv": [
        0.0076045627376425855,
        0,
        0.9923954372623575,
        0,
        0.0076045627376425855,
        0.9972972972972973,
        0.9923954372623575,
        0.9972972972972973
      ],
      "minPos": {
        "x": -129.5,
        "y": -184.5,
        "z": 0
      },
      "maxPos": {
        "x": 129.5,
        "y": 184.5,
        "z": 0
      }
    },
    "texture": "8b8e7392-3740-4a6b-872e-9f1798b4c71d@6c48a",
    "packable": true,
    "pixelsToUnit": 100,
    "pivot": {
      "x": 0.5,
      "y": 0.5
    },
    "meshType": 0
  }
}