{
  "__type__": "cc.SpriteFrame",
  "content": {
    "name": "Fill up_hui",
    "atlas": "",
    "rect": {
      "x": 0,
      "y": 0,
      "width": 274,
      "height": 293
    },
    "offset": {
      "x": -0.5,
      "y": 0
    },
    "originalSize": {
      "width": 275,
      "height": 293
    },
    "rotated": false,
    "capInsets": [
      0,
      0,
      0,
      0
    ],
    "vertices": {
      "rawPosition": [
        -137,
        -146.5,
        0,
        137,
        -146.5,
        0,
        -137,
        146.5,
        0,
        137,
        146.5,
        0
      ],
      "indexes": [
        0,
        1,
        2,
        2,
        1,
        3
      ],
      "uv": [
        0,
        293,
        274,
        293,
        0,
        0,
        274,
        0
      ],
      "nuv": [
        0,
        0,
        0.9963636363636363,
        0,
        0,
        1,
        0.9963636363636363,
        1
      ],
      "minPos": {
        "x": -137,
        "y": -146.5,
        "z": 0
      },
      "maxPos": {
        "x": 137,
        "y": 146.5,
        "z": 0
      }
    },
    "texture": "f9edb44b-e452-4ca9-ab1e-3c25cdf1722c@6c48a",
    "packable": true,
    "pixelsToUnit": 100,
    "pivot": {
      "x": 0.5,
      "y": 0.5
    },
    "meshType": 0
  }
}