{
  "__type__": "cc.SpriteFrame",
  "content": {
    "name": "MiSeDiMian",
    "atlas": "",
    "rect": {
      "x": 1,
      "y": 0,
      "width": 496,
      "height": 255
    },
    "offset": {
      "x": 0,
      "y": 0.5
    },
    "originalSize": {
      "width": 498,
      "height": 256
    },
    "rotated": false,
    "capInsets": [
      0,
      0,
      0,
      0
    ],
    "vertices": {
      "rawPosition": [
        -248,
        -127.5,
        0,
        248,
        -127.5,
        0,
        -248,
        127.5,
        0,
        248,
        127.5,
        0
      ],
      "indexes": [
        0,
        1,
        2,
        2,
        1,
        3
      ],
      "uv": [
        1,
        256,
        497,
        256,
        1,
        1,
        497,
        1
      ],
      "nuv": [
        0.002008032128514056,
        0.00390625,
        0.9979919678714859,
        0.00390625,
        0.002008032128514056,
        1,
        0.9979919678714859,
        1
      ],
      "minPos": {
        "x": -248,
        "y": -127.5,
        "z": 0
      },
      "maxPos": {
        "x": 248,
        "y": 127.5,
        "z": 0
      }
    },
    "texture": "d613d381-66d7-4408-955c-4131cd65b97d@6c48a",
    "packable": true,
    "pixelsToUnit": 100,
    "pivot": {
      "x": 0.5,
      "y": 0.5
    },
    "meshType": 0
  }
}