{
  "__type__": "cc.SpriteFrame",
  "content": {
    "name": "image1",
    "atlas": "",
    "rect": {
      "x": 12,
      "y": 32,
      "width": 1755,
      "height": 555
    },
    "offset": {
      "x": -10.5,
      "y": -9.5
    },
    "originalSize": {
      "width": 1800,
      "height": 600
    },
    "rotated": false,
    "capInsets": [
      0,
      0,
      0,
      0
    ],
    "vertices": {
      "rawPosition": [
        -877.5,
        -277.5,
        0,
        877.5,
        -277.5,
        0,
        -877.5,
        277.5,
        0,
        877.5,
        277.5,
        0
      ],
      "indexes": [
        0,
        1,
        2,
        2,
        1,
        3
      ],
      "uv": [
        12,
        568,
        1767,
        568,
        12,
        13,
        1767,
        13
      ],
      "nuv": [
        0.006666666666666667,
        0.021666666666666667,
        0.9816666666666667,
        0.021666666666666667,
        0.006666666666666667,
        0.9466666666666667,
        0.9816666666666667,
        0.9466666666666667
      ],
      "minPos": {
        "x": -877.5,
        "y": -277.5,
        "z": 0
      },
      "maxPos": {
        "x": 877.5,
        "y": 277.5,
        "z": 0
      }
    },
    "texture": "a29e77b5-f081-42d6-9876-f07759b95044@6c48a",
    "packable": true,
    "pixelsToUnit": 100,
    "pivot": {
      "x": 0.5,
      "y": 0.5
    },
    "meshType": 0
  }
}