{
  "__type__": "cc.SpriteFrame",
  "content": {
    "name": "ZhongKongXinXin",
    "atlas": "",
    "rect": {
      "x": 0,
      "y": 0,
      "width": 193,
      "height": 205
    },
    "offset": {
      "x": -0.5,
      "y": 0
    },
    "originalSize": {
      "width": 194,
      "height": 205
    },
    "rotated": false,
    "capInsets": [
      0,
      0,
      0,
      0
    ],
    "vertices": {
      "rawPosition": [
        -96.5,
        -102.5,
        0,
        96.5,
        -102.5,
        0,
        -96.5,
        102.5,
        0,
        96.5,
        102.5,
        0
      ],
      "indexes": [
        0,
        1,
        2,
        2,
        1,
        3
      ],
      "uv": [
        0,
        205,
        193,
        205,
        0,
        0,
        193,
        0
      ],
      "nuv": [
        0,
        0,
        0.9948453608247423,
        0,
        0,
        1,
        0.9948453608247423,
        1
      ],
      "minPos": {
        "x": -96.5,
        "y": -102.5,
        "z": 0
      },
      "maxPos": {
        "x": 96.5,
        "y": 102.5,
        "z": 0
      }
    },
    "texture": "00309a41-3734-45c8-9e91-7d91dcd6a592@6c48a",
    "packable": true,
    "pixelsToUnit": 100,
    "pivot": {
      "x": 0.5,
      "y": 0.5
    },
    "meshType": 0
  }
}